{
    "KMeans": {
        "silhouette_score": 0.7912636162372472,
        "calinski_harabasz_score": 580288.1229119078,
        "davies_bouldin_score": 0.5002528208842714
    },
    "DBSCAN": {
        "silhouette_score": 0.21850551985046693,
        "calinski_harabasz_score": 3980.8869442696496,
        "davies_bouldin_score": 0.22810973912302332
    },
    "Hierarchical": {
        "silhouette_score": 0.7798251281082249,
        "calinski_harabasz_score": 1980.025065587307,
        "davies_bouldin_score": 0.504020457921418
    }
}